<application>
  <component name="FileTypeManager" version="18">
    <ignoreFiles list="*$py.class;*.pyc;*.pyo;*.rbc;*.yarb;*~;.DS_Store;.git;.hg;.svn;CVS;__pycache__;_svn;vssver.scc;vssver2.scc;" />
    <extensionMap>
      <mapping pattern="g" type="AUTO_DETECTED" />
      <mapping pattern="set_env_vars" type="AUTO_DETECTED" />
      <mapping pattern="create_env_vars" type="AUTO_DETECTED" />
      <mapping pattern="a" type="AUTO_DETECTED" />
      <mapping pattern="words" type="AUTO_DETECTED" />
      <mapping pattern="j" type="JSON" />
      <mapping pattern="json" type="JSON" />
      <mapping pattern="Procfile" type="PLAIN_TEXT" />
      <mapping pattern="base_aliases" type="PLAIN_TEXT" />
      <mapping pattern="requirements" type="PLAIN_TEXT" />
      <mapping pattern="docker-compose" type="PLAIN_TEXT" />
      <mapping ext="in" type="PLAIN_TEXT" />
      <mapping ext="gz" type="PLAIN_TEXT" />
      <mapping ext="joblib" type="PLAIN_TEXT" />
      <mapping ext="pickle" type="PLAIN_TEXT" />
      <mapping pattern="twitter_keys" type="YAML" />
      <removed_mapping ext="txt" approved="true" type="PLAIN_TEXT" />
    </extensionMap>
  </component>
</application>