<profile version="1.0">
  <option name="myName" value="Default" />
  <inspection_tool class="PyAbstractClassInspection" enabled="true" level="WEAK WARNING" enabled_by_default="true">
    <scope name="Project Files" level="WEAK WARNING" enabled="true" />
  </inspection_tool>
  <inspection_tool class="PyArgumentEqualDefaultInspection" enabled="true" level="WEAK WARNING" enabled_by_default="true" />
  <inspection_tool class="PyAugmentAssignmentInspection" enabled="true" level="WEAK WARNING" enabled_by_default="true" />
  <inspection_tool class="PyClassicStyleClassInspection" enabled="true" level="WARNING" enabled_by_default="true" />
  <inspection_tool class="PyCompatibilityInspection" enabled="true" level="WARNING" enabled_by_default="true">
    <option name="ourVersions">
      <value>
        <list size="5">
          <item index="0" class="java.lang.String" itemvalue="3.6" />
          <item index="1" class="java.lang.String" itemvalue="3.7" />
          <item index="2" class="java.lang.String" itemvalue="3.8" />
          <item index="3" class="java.lang.String" itemvalue="3.9" />
          <item index="4" class="java.lang.String" itemvalue="3.10" />
        </list>
      </value>
    </option>
  </inspection_tool>
  <inspection_tool class="PyMandatoryEncodingInspection" enabled="true" level="WARNING" enabled_by_default="true" />
  <inspection_tool class="PyMissingTypeHintsInspection" enabled="true" level="WEAK WARNING" enabled_by_default="true" />
  <inspection_tool class="PyPep8Inspection" enabled="true" level="WEAK WARNING" enabled_by_default="true">
    <option name="ignoredErrors">
      <list>
        <option value="W292" />
        <option value="E101" />
      </list>
    </option>
  </inspection_tool>
  <inspection_tool class="PyPep8NamingInspection" enabled="true" level="WEAK WARNING" enabled_by_default="true">
    <option name="ignoredErrors">
      <list>
        <option value="N806" />
        <option value="N803" />
      </list>
    </option>
  </inspection_tool>
  <inspection_tool class="PyUnresolvedReferencesInspection" enabled="true" level="WARNING" enabled_by_default="true">
    <option name="ignoredIdentifiers">
      <list>
        <option value="farm_api.farm_models.farm_model.Farm.DoesNotExist" />
        <option value="utils.insert_data_to_db.InsertDataToDB.df" />
        <option value="farm_api.farm_models.farm_model.Cow.objects" />
        <option value="int.__setitem__" />
        <option value="sentiment_api.models.StockScores.DoesNotExist" />
        <option value="farm_api.farm_models.pasture_year_model.Month.DoesNotExist" />
        <option value="farm_api.farm_models.farm_model.Farm.objects" />
        <option value="farm_api.farm_models.data_models.FarmDay.objects" />
        <option value="sentiment_api.models.Stock.DoesNotExist" />
        <option value="sentiment_api.models.Stock.objects" />
        <option value="consumer_api.models.ReadsData.DoesNotExist" />
        <option value="consumer_api.models.SiteScore.DoesNotExist" />
        <option value="routes.stock.server" />
        <option value="consumer_api.models.Site.DoesNotExist" />
        <option value="bool.exists" />
        <option value="consumer_api.models.GeoLocation.objects" />
        <option value="backtrader.indicators.EMA" />
        <option value="backtrader.indicators.SMA" />
        <option value="NotImplementedError.get" />
        <option value="configurations.models.KPI.objects" />
        <option value="consumer_api.models.FarmKPIs.DoesNotExist" />
        <option value="django.db.models.base.Model._meta" />
        <option value="configurations.models.FarmConfigurationsLayer.objects" />
      </list>
    </option>
  </inspection_tool>
</profile>